{
    "IndentSize": 4,
    "AttributesTolerance": 4,
    "KeepFirstAttributeOnSameLine": true,
    "MaxAttributeCharatersPerLine": 0,
    "MaxAttributesPerLine": 4,
    "NewlineExemptionElements": "RadialGradientBrush, GradientStop, LinearGradientBrush, ScaleTransfom, SkewTransform, RotateTransform, TranslateTransform, Trigger, Condition, Setter",
    "SeparateByGroups": false,
    "AttributeIndentation": 0,
    "AttributeIndentationStyle": 1,
    "RemoveDesignTimeReferences":  false,
    "EnableAttributeReordering": true,
    "AttributeOrderingRuleGroups": [
        "x:Class",
        "xmlns, xmlns:x",
        "xmlns:*",
        "x:Key, Key, x:Name, Name, x:Uid, Uid, Title",
        "Grid.Row, Grid.RowSpan, Grid.Column, Grid.ColumnSpan, Canvas.Left, Canvas.Top, Canvas.Right, Canvas.Bottom",
        "Width, Height, MinWidth, MinHeight, MaxWidth, MaxHeight",
        "Margin, Padding, HorizontalAlignment, VerticalAlignment, HorizontalContentAlignment, VerticalContentAlignment, Panel.ZIndex",
        "*:*, *",
        "PageSource, PageIndex, Offset, Color, TargetName, Property, Value, StartPoint, EndPoint",
        "*:Freeze, mc:Ignorable, d:IsDataSource, d:LayoutOverrides, d:IsStaticText",
        "Storyboard.*, From, To, Duration"
    ],
    "FirstLineAttributes": "",
    "OrderAttributesByName": true,
    "PutEndingBracketOnNewLine": false,
    "RemoveEndingTagOfEmptyElement": true,
    "SpaceBeforeClosingSlash": true,
    "RootElementLineBreakRule": 1,
    "ReorderVSM": 2,
    "ReorderGridChildren": false,
    "ReorderCanvasChildren": false,
    "ReorderSetters": 3,
    "FormatMarkupExtension": true,
    "NoNewLineMarkupExtensions": "x:Bind, Binding, TemplateBinding, x:Static, DynamicResource, ComponentResourceKey",
    "ThicknessSeparator": 1,
    "ThicknessAttributes": "Margin, Padding, BorderThickness, ThumbnailClipMargin",
    "FormatOnSave": false,
    "CommentPadding": 2,
}